organism,molecule_chembl_id,canonical_smiles,bioactivity_threshold,standard_value,PIC50,mol,ECFP4
Homo sapiens,CHEMBL4583184,Cc1cccc([N+](=O)[O-])c1-c1ccc(C=C2C(=O)N(c3ccccc3)C(=S)N(c3ccccc3)C2=O)o1,inactive,500000.0,3.3010299956639813,<rdkit.Chem.rdchem.Mol object at 0x7f9272770200>,00000000000000000000000000000000000000000000000000000000000000000000000000000000000000000000000001000000000000000000000001000000000000000000000000000000000000000000100000000000000000000000000000000010000000000000000000000000000000000000000000000000000000000000000000000010000000000100000000000000000000000000000000110000000000000000000000000000000000000010000000000000000000000000000000000100000000000000000000000000000000000000000000000000000000000000000000000000000000000000000000000000000000000000000000000000000000000000000000000000000000000000000000000000000000000000000000000000000000000000000000000000000000000000000000000000000000000000000000100000100000000000000000000000000000000000001000000000000000000001100000000000000000000000000000000000010000000000000000000000000000000000000000000000000000000000000000000000000000000000001000000000000000100000000000000000000000010000000000000000000000000000000000000000000000000000000100000000000000000000000000000000000000000000000000000000000000000000000000000000000100000000000000000001000000000100000001000000000001000000000000000000100000000000000000000000000000001000000000000000000000000000000000000000000000000001000010000000000000000001000100000000000000000000000000010000000000000000000000000000000000000000000000000000000001000000000000000000000000000000000000000000000000000000000000000000000000000000000000000000000010000000000100000000000000000000000000000000000000000000000000000000000000000000000000000000000000000000000000000000000000000000000000000000000000000000000000000000000000000000000000000000000000000000000000000100000000000000100000000000000000000000000000000000000000000001000000000000000000000000000000000010000000000000000000000000000001000010000000000000000000000001001000000000000000000000000000000000000000000010000000000000000000000000000001000000000000000000000000000000000000000000000001000000000000000000000000000000000000000000000100000000000000000100000000000000000000000001000000000000000000000000000000000001000000000000000000000000000000000000000000000000
Homo sapiens,CHEMBL4637789,O=C(c1ccc(N2N=C(c3ccccc3)CC2c2cccc3ccccc23)cc1)N1CCOCC1,intermediate,1410.0,5.85078088734462,<rdkit.Chem.rdchem.Mol object at 0x7f9272770190>,00000000000100000000010000000000000000000000000000000000000000000000000000000000000000000000000000000000000000000000000000000000000010000000000000000000000000000000000000000000000000000000000000000000000000000000000000000000000000010100000000000000000000000000000000000000000000000000000000000000000000000000000000000000000000000000000000000000000000000000000000000000000100000010000000000100000000000000000000000000000000000000000000000000000000000000000000000001000000000000000000000000000000000100000000000000000000000001000000000000000000000000000000000000000000000000000000000000000000000000000000000000000000000000000000000000000000000000000000100000100000000000000000000000000000000000000000000000000000000000000000000000000100001000000100000000000000000000000000000000000000000000000000000000000000010000000000000000000000000000000000000000000000000000000000000000000000000000000000000000000000000000000000000000000000100000000100000010000000100000000000000000000000000000000000000001000000000000000000000000000100000001000100000001000000000000000000000000000000000000000000000001100000000000000010000000000000000000000000000000000000000000000000000000100000000000000000000000000000000000000100000000000000000000000000000000000000000000000000000000000000000000000000000000000000000000000000000000000000001000000000000000000000000000000000000000000001000000000000000000000010000100000000000000000001000000000000000000000000000000000001000000000000000000000000000000000000001000000000000000000000001000000100000000000000000000000000000000000000000000000000000000000001000000000000000000000000000000000000000000000000000000000000000000000000000000000000000000000000000000000000000000000000000100000000000000000000000000000000000000000000000000001000000000000000000000000000000000000000000000000000000000000001000000000001000000000000000000000000000001000000000000000001000000000000000000000000000000000000000000010000000000000000000000000000000000010000000000000000000000000000000000000000010000000000000100000000000100000000000000000000000000
Homo sapiens,CHEMBL4646262,Cc1ccc(C2=NN(c3ccc(C(=O)N4CCOCC4)cc3)C(c3cccc4ccccc34)C2)cc1,intermediate,8750.0,5.057991946977687,<rdkit.Chem.rdchem.Mol object at 0x7f9272770120>,00000000000100000000010000000000000000000000000000000000000000000000000000000000000000000000000000000000000000000000000000000000000010000000000000000000000000000000000000000000000000000000000000000000000000000000000000000000000000010101000000000000000000000000000000000000000000000000000000000000000000000000000000000000000000000000000000000000000000000000000000000000000100000010000000000000000000000000000000000000000000000000000000000000000000000000000000000001000000000000000000000000000000000100000000000000000000000001000000000000000000000000000000000000000000000000000000000000000000000000000000000000000000000000000000000000000000000000000000100000100000000000000000000000000000000000000000000000000000000000000000000000000100000000000100000000000000000000000000000000000000000000000000000000000000010000000000000000000000000000000000000000000000000000000000000000000000000000000000000000100000000000000000000000000000100000000100000010000000100000000000000000000000000000000000000001000000000000000000000000000100000001000100000001000000000000000001000000000000000000000000000001100000000000000010000000000000000000000000000000000000000000000000000000100000000000000000000000000000000000000100000000000000000000000000000000000000000000000000000000000000000000000000000000000000000000000000000000000000001000000000000000000000000000000000000000000001000000000000000000000010000100000000000000000001000000000000000000000000000000000001000000000000000000000000000000000000001000000000000000000000001000000100000000000000000000000000000000000000000000000000000000000001000000000000000000000000000000000000000000000000000000000000000000000000000000000000000000000000000000000000000000000000000100000000000000000000000010000000000000000000000000001000000000000000000000000000000000000000000000000000000000000001000000000101000000000000000000000000000001000000000000000001000000000000000000000000000000000000000000010010000000000000000000000000000000010000000000000000000000000000000000000000010000000000000100000000000100000000000000000000000000
Homo sapiens,CHEMBL4638955,Cc1ccc(C2=NN(c3ccc(C(=O)N4CCOCC4)cc3)C(c3cccc4ccccc34)C2)cc1C,inactive,14460.0,4.839831707041488,<rdkit.Chem.rdchem.Mol object at 0x7f92727700b0>,00000000000100000000000000000000000000000000000000000000000000000000000000000000000000000000000000000000000000000000000000000000000010000000000000000000000000000000000000000000000000000000000000000000000000000000000000000000000000010100000000000000000000000000000000000000000000000000000000000000000000000000000000000000000000000000000000000000000000000000000000000000000100000010000000000000000000000000000000000000000000000000000000000000000000000000000000000001000000000000000000000000000000000100000100000000000000000001000000000000000000000000000000000000000000000000000000000000000000000000000000000000000000000000000000000000000000000000000000100000100000000000000000000000000000000000000000000000000000000000000000000000000100000000000100000000000000000000000000000000000000000000000000000000000000010000000000000000000010000000000000000000000000000000000000000000000100000000000000000000100000000000000000000000000000100000000100000010000000100000000000000000000000000000000000000001000000000000000000000000000100000001000100000001000000000000000001000000000000000000000000000001100000000000000010000000000000000000000000000000000000000000000000000000100000000000000000000000000000000000000100000000000000000000000000000000000000000000000000000000000000000000000001000000000000000000000000000000000000001000000000000000000000000000000000000000000001000000000000000000000010000100000100000000000001000000000000000000000000001000000001000000000000000000000000000000000000001000000000000000000000001000000100000000000000000000000000000000000000000000000000000000000001000000000000000000000000000000000000000000000000000000000000000000000000000000000000000000000000000000000000000000000100000100000000000000000000000010000000000000000000000000001000000000000000000000000000000000000000000000000000000000000001000000000001000000000000000000000000000001000000000000000001000000000000000000000000000000000000000000010000000000000000000000000000000000010000000000000000000000000000000000000000010000000000000100000000000100000000000000000000000000
Homo sapiens,CHEMBL4649571,CCc1ccc(C2=NN(c3ccc(C(=O)N4CCOCC4)cc3)C(c3cccc4ccccc34)C2)cc1,inactive,22680.0,4.644356949779131,<rdkit.Chem.rdchem.Mol object at 0x7f9272770040>,00000000000100000000010000000000000000000000000000000000000000000000000000000000100000000000000000000000000000000000000000000000000010000000000001000000000000000000000000000000000000000000000000000000000000000000000000000000000000010100000000000000000000000000000000000000000000000000000000000010000000000000001000000000000000000000000000000000000000000000000000000000000100000010000000000000000000000000000000000000000000000000000000000000000000000000000000000001000000000000000000000000000000000100000000000000000000000001000000000000000000000000000000000000000000000000000000000000000000000000000000000000000000000000000000000000000000000000000000100000100000000000000000000000000000000000000000000000000000000000000000000000000100000000000100000000000000000000000000000000000000000000000000000000000000010000000000000000000000000000000000000000000000000000000000000000000000000000000000000000100000000000000000000000000000100000000100000010000000100000000000000000000000000000000000000001000000000000000000000000000100000001000100000001000000000000000001000000000000000000000000000001100000000000000010000000000000000000000000000000000000000000000000000000100000000000000000000000000000000000000100000000000000000000000000000000000000000000000000000000000000000000000000000000000000000000000000000000000000001000000000000000000000000000000000000000000001000000000000000000000010000100000000000000000001000000000000000000000000000000000001000000000000000000000000000000000000001000000000000000000000001000000100000000000000000000000000000000000000000000000000000000000001000000000000000000000000000000000000000000000000000000000000000000000000000000000000000000000000000000000000000000000000000100000000000000000000000000000000000000000000000000001000100000000000000000000000000000000000000000000100000000000001000000000001000000000000000000000000000001000000000000000001000000000000000000000000000000000000000000010000000000000000000000000000000000010000000000000000000000000000000000000000010000000000000100000000000100000000000000000000000000
Homo sapiens,CHEMBL4643182,COc1ccc(C2=NN(c3ccc(C(=O)N4CCOCC4)cc3)C(c3cccc4ccccc34)C2)cc1,intermediate,7270.0,5.138465589140962,<rdkit.Chem.rdchem.Mol object at 0x7f9272770270>,00000000000100000000010000000000000000000000000000000000000000000000000000000000000000000000000000000000000000000000000000000000000010000000000000000000000000000000000000000000000000000000000000000000000000000000000000000000000000010100000000000000000000000000000000000000000000000000000000000000000000000000000000000000001000000000000000000000000000000000000000000000000100000010000000000000000000000000000000000000000000000000000000000000000000000000000000000001000000000000000000000000000000000100000000000000000000000001000000000000000000000000000000000000000000000000000000000000000000000000000000000000000000000000000000000000000000000000000000100000100000000000000000000000000000000000000100000000000000000000001000000000000100000000000100000000000000000000000000000000000001000000000000000000000000010000000000000000000000010000000001000000000000000000000000000000000000000000000000000000100000000000000000000000000000100000000100000010000000100000000000000000000000000000000000000001000000000000000000000000000100000001000100000001000000000000000001000000000000000000000000000001100000000000000010000000000000000000000000000000000000000000000000000000100000000000000000000000000000000000000100000000000000000000000000000000000000000000000000000000000000000000000000000000000000000000000000000000000000001000000000000000000000000000000000000000000001000000000000000000000010000100000000000000000001000000000000000000000000000000000001000000000000000000000000000000000000001000000000000000000000001000000100000000000000000000000010000000000000000000000000000000000001000000000000000000000000000000000000000000000000000000000000000000000000000000000000000000000000000000000000000000000000000100000000000000000000000000000000000000000000000000001000000000000000000000000000000000000000000000000000000000000001000000000001000000000000000000000000000001000000000000000001000000000000000000000000000000000000000000010000000000000000000000000000000000010000000000000000000000000000000000000000010000000000000100000000000100000000000000000000000000
Homo sapiens,CHEMBL4647408,CCOc1ccc(C2=NN(c3ccc(C(=O)N4CCOCC4)cc3)C(c3cccc4ccccc34)C2)cc1,intermediate,9060.0,5.042871802323187,<rdkit.Chem.rdchem.Mol object at 0x7f9272803d60>,00000000000100000000010000000000000000000000000000000000000000000000010000000000100000000000000000000010000000000000000000000000000010000000000000000000000000000000000000000000000000000000000000000000000000000000000000000000000000010100010000000000000000000000000000000000000000000000000000000010000000000000000000000000001000000000000000000000000000000000000000000000000100000010000000000000000000000000000000000000000000000000000000000000000000000000000000000001000000000000000000000000000000000100000000000000000000000001000000000000000000000000000000000000000000000000000000000000000000000000000000000000000000000000000000000000000000000000000000100000100000000000000000000000000000000000000100000000000000000000001000000000000100000000000100000000000000000000000000000000000000000000000000000000000000010000000000000000000000000000000000000000000000000000000000000000000000000000000000000000100000000000000000000000000000100000000100000010000000100000000000000000000000000000000000000001000000000000000000000000000100000001000100000001000000000000000001000000000000000000000000000001100000000000000010000000000000000000000000000000000000000000000000000000100000000000000000000000000000000000000100000000000000000000000000000000000000100000000000000000000000000000000000000000000000000000000000000000000000001000000000000000000000000000000000000000000001000000000000000000000010000100000000000000000001000000000000000000000000000000000001000000000010000000000000000000000000001000000000000000000000001000000100000000000000000000000000000000000000000000000000000000000001000000000000000000000000000000000000000000000000000000000000000000000000000000000000000000000000000000000000000000000000000100000000000000000000000000000000000000000000000000001000000000000000000000000000000000000000000000000000000000000001000000000001000000000000000000000000000001000000000000000001000000000000000000000000000000000000000000010000000000000000000000000000000000010000000000000000000000000000000000000000010000000000000100000000000100000000000000000000000000
Homo sapiens,CHEMBL4640669,O=C(c1ccc(N2N=C(c3ccc(F)cc3)CC2c2cccc3ccccc23)cc1)N1CCOCC1,active,180.0,6.7447274948966935,<rdkit.Chem.rdchem.Mol object at 0x7f9272803cf0>,00000000000100000000010000000000000000000000000000000000000000000000000000000000000000000010000000000000000000000000000000000000000010000000000000000000000000000000000000000000000000000000000000000000000000000000000000000000000000010100000000000000000000000000000000000000000000000000000000000000000000000000000000000000000000000000000000000000000000000000000000000000000100000010000000000000000000000000000000000000000000000000000000000000000000000000000000000001000000000000000000000000000000000100000000000000000000000001000000000000000000000000000000000000000000000000000000000000000000000000000000000000000000000000000000000000000000000000000000100000100000000000000000000000000000000000000000010000000000000000000000000000000100000000000100000000000000000000000000000000000000000000000000000000000000010000000000000000000000000000000000000000000000000000000000000000000000000000000000000000100000000000000000000000000000100000000100000010000000100000000000000000000000000000000000000001000000000000000000000000000100000001000100000001000000000000000000000000000000000000000000000001100000000000000010000000000000000000000000000000000000000000000000000000100000000000000000000000000000000000000100000000000000000000000000000000000000000000000000000000000000000000000000000000000000000000000000000000000000001000000000000000000000000000000000000000000001000000000000000000000010000100000000000000000001000010000000000000000000000000000001000000000000000000000000000000000000001000000000000000000000001000000100000000000000000000000000000000000000000000000000000000000001000000000000000000000000000000000000000000000000000000000000000000000000000000000000000000000000100000000000000000000000000100000000000000000000000000000000000000000000000000001000000000000000000000000000000000000000000000000000000000000001000000000001000000000000000000000000000001000000000000000001000000000000000000000000000000000000000000010000000000100000000000000000000000010000000000000000000000000000000000000000010000000000000100000000000100000000000000000000000000
Homo sapiens,CHEMBL4647867,O=C(c1ccc(N2N=C(c3ccc(Br)cc3)CC2c2cccc3ccccc23)cc1)N1CCOCC1,intermediate,1370.0,5.863279432843593,<rdkit.Chem.rdchem.Mol object at 0x7f9272803c80>,00000000000100000000010000000000000000000000000000000000000000000000000000000000000000000000000000000000000000000000000000000000000010000000000000000000000000000000000000000000000000000000000000000000000000000000000000000000000000010100000000000000000000000000000000000000000000000000000000000000000000000000000000000000000000000000000000000000000000000000000000000000000100000010000000000000000000000000000000000000000000000000000000000000000000000000000000000001000000000000000000000000000000000100000000000000000000000001000000000000000000000000000000000000000000000000000000000000000000000000000000000000000000000000000000000000000000000000000000100000100000000000000000000000000000000000000000000000000000000000000000000000100100000000000100000000000000000000000000000000000000000000000000000000000000010000000000000000000000000000000000000000000000000000000000000000000000000000000000000000100000000000010000000000000000100000000100000010000000100000000000000000000000000000000000000001000000000000000000000000000100000001000100000001000000000000000000000000000000000000000000000001100000000000000010000000000000000000000000000000000000000000000000000100100000000000000000000000000000000000000100000000000000000000000000000000000000000000000000000000000000000000000000000000000000000000000000000000000000001000000000000000000000000000000000000000000001000000000000000000000010000100000000000000000001000000000000000000000000000000000001000000000000000000000000000000000000001000000000000000000000001000000100000000000000000000000000000000000000000000000000000000000001000000000000000000000000000000000000000000000000000000000100000000000000000100000000000000000000000000000000000000000000000100000000000000000000000000000000000000000000000000001000000000000000000000000000000000000000000000000000000000000001000000000001000000000000000000000000000001000000000000000001000000000000000000000000000000000000000000010000000000000000000000000000000000010000000000000000000000000000000000000000010000000000000100000000000100000000000000000000000000
Homo sapiens,CHEMBL4646685,Cc1cccc(C2=NN(c3ccc(C(=O)N4CCOCC4)cc3)C(c3cccc4ccccc34)C2)c1,intermediate,5740.0,5.241088107602026,<rdkit.Chem.rdchem.Mol object at 0x7f9272803c10>,00000000000100000000000000000000000000000000000000000000000000000000000000000000000000000000000000000000000000000000000000000000000010000000000000000000000000000000000000000000000000000000000000000000000000000000000000000000000000010100100000000000000000000000000000000000000000000000000000000000000000000000000000000000000000000000000000000000000000000000000000000000000100000010000000000000000000000000000000000000000000000000000000000000000000000000000000000001000000000000000000000000000000000100000000000000000000000001000000000000000000000000000000000000000000000000000000000000000000000000000000000000000000000000000000000000000000000000000000100000100000000000000000000000000000000000000000000000000000000000000000000000000100001000000100000000000000000000000000000000000000000000000000000000000000010000000000000000000000000000000000000000000000000000000000000000000100000000000000000000000000000000000000000000000000100000000100000010000000100000000000000000000000000000000000000001000000000000000000000100000100000001000100000001000000000000000101000000000000000000000000000001100000000000000010000000000000000000000000000000000000000000000000000000100000000000000000000000000000000000000100000000000000000000000000000000000000000000000000000000000000000000000000000000000000000000000000000000000000001000000000000000000000000000000000000000000001000000000000000000000010000100000000000000000001000000000000000000000000001000000001000000000000000000000000000000000000001000000000000000000000001000000100000000000000000000000000000000000000000000000000000000000001000000000000000000000000000000000000000000000000000000000000000000000000000000000000000000000000000000000000000000000000000100000000000000000000000010000000000000000000000000001000000000000000000000000000000000000000000000000000000000000001000000000101000000000000000000000000000001000000000000000001000000000000000000000000000000000000000000010000000000000000000000000000000000010000000000000000000000000000000000000000010000000000000100000000000100000000000000000000000000
Homo sapiens,CHEMBL4644650,O=C(c1ccc(N2N=C(c3cccc(Cl)c3)CC2c2cccc3ccccc23)cc1)N1CCOCC1,intermediate,1340.0,5.872895201635193,<rdkit.Chem.rdchem.Mol object at 0x7f9272803ba0>,00000000000100000000000000000000000000000000000000000000000000000000000000000000000000000000000000000000000000000000000000000000000010000000000000000000000000000000010000000000000000000000000000000000000000000000000010000000000000010100000000000000000000000000000000000000000000000000000000000000000000000000000000000000000000000000000000000000000000000000000000000000000100000010000000000000000000000000000000000000000000000000000000000000000000000000000000000001000000000000000000000000000000000100000000000000000000000001000000000000000000000000000000000000010000000000000000000000000000001000000000000000000000000000000000000000000000000000000000100000100000000000000000000000000000000000000000000000000000000000000000000000000100001000000100000000000000000000000000000000000000000000000000000000000000010000000000000000000000000000000000000000000000000000000000000000000100000000000000000000000000000000000000000000000000100000000100000010000000100000000000000000000000000000000000000001000000000000000000000000000100000001000100000001000000000000000000000000000000000000000000000001100000000000000010000000000000000000000000000000000000000000000000000000100000000000000000000000000000000000000100000000000000000000000000000000000000000000000000000000000000000000000000000000000000000000000000000000000000001000000000000000000000000000000000000000000001000000000000000000000010000100000000000000000001000000000000000000000000001000000001010000000000000000000000000000000000001000000000000000000000001000000100000000000000000000000000000000000000000000000000000000000001000000000000000000000000000000000000000000000000000000000000000000000000000000000000000000000000000000000000010000000000000100000000000000000000000000000000000000000000000000001000000000000000000000000000000000000000000000000000000000000001000000000001000000000000000000000000000001000000000000000001000000000000000000000000000000000000000000010000000000000000000000000000000000010000000000000000000000000000000000000000010000000000000100000000000100000000000000000000000000
Homo sapiens,CHEMBL4642657,O=C(c1ccc(N2N=C(c3cccc(Br)c3)CC2c2cccc3ccccc23)cc1)N1CCOCC1,intermediate,3580.0,5.446116973356125,<rdkit.Chem.rdchem.Mol object at 0x7f9272803b30>,00000000000100000000000000000000000000000000000000000000000000000000000000000000000000000000000000000000000000000000000000000000000010000000000000000000000000000000000000000000000000000000000000000000000000000000000000000000000000010100000000000000000000000000000000000000000000000000000000000000000000000000000000000000000000000000000000000000000000000000000000000000000100000010000000000000000000000000000000000000000000000000000000000000000000000000000000000001000000000000000000000100000000000100000000000000000000000001000000000000000000000000000000000000000000000000000000000000000000000000000000000000000000000000000000000000000000000000000000100000100000000000000000000000000000000000000000000000000000000000000000000000100100001000000100000000000000000000001000000000000000000000000000000000000000010000000000000000000000000000000000000000000000000000000000000000000100000000000000000000000000000000010000000000000000100000000100000010000000100000000000000000000000000000000000000001000000000000000000000000000100000001000100000001000000000000000000000000000000000000000000000001100000000000000010000000000000000000000000000000000000000000000000000000100000000000000000000000000000000000000100000000000000000000000000000000000000000000000000000000000000000000000000000000000000000010000000000000000000001000000000000000000000000000000000000000000001000000000000000000000010000100000000000000000001000000000000000000000000001000000001000000000000000000000000000000000000001000000000000000000000001000000100000000000000000000000000000000000000000000000000000000000001000000000000000000000000000000000000000000000000000000000100000000000000000000000000000000000000000000000000000000000000000100000000000000000000000000000000000000000000000000001000000000000000000000000000000000000000000000000000000000000001000000000001000000000000000000000000000001000000000000000001000000000000000000000000000000000000000000010000000000000000000000000000000000010000000000000000000000000000000000000000010000000000000100000000000100000000000000000000000000
Homo sapiens,CHEMBL4632529,O=C(c1ccc(N2N=C(c3ccccc3)CC2c2ccc3ccccc3c2)cc1)N1CCOCC1,intermediate,2460.0,5.609064892896621,<rdkit.Chem.rdchem.Mol object at 0x7f92728037b0>,00000000000100000000010000000000000000000000000000000000000000000000000000000000000000000000000000000000000000000000000000000000000010000000000000000000000000000000000000000000000000000000000000000000000100000000000000000000000000010100000000000000000000000000000000000000000000000000000000000000000000000000000000000000001000000000000000000000000000000000000000000000000000000010000000000100000000001000000000000000000000000000000000000000000000000000000000000001000000000000000000000000000000000100000000000000000000000001000000000000000000000000000000000000000000000000000000000000000000000000001000000000000000000000000000000000000000000000000000100000100000000000000000000000000000000000000000000000000000000000000000001000000100001000000100000000000000000000000000000000000000000000000000000000000000010000000000000000000000000000000000000000000000000000000000000000000100000000000000000010000000000000000000000000000000100000000100000010000000100000000000000000000000000000000000000001000000000000000000000000000100000000000100000000000000000000000000000000000000000000000000000001100000000000000000000000000000000000000000000000000000000000000000000000100000000000000000000000000000000000000100000000000000000000000000000000000000000000000000000000000000000000000000000001000000000000000000000000000000001000000000000000000000000000000000000000000000000000000000000000000010000100000000000000000001000000000000000000000000000000000001000000000000000000000000000000000000001000000000000000000000001000000100000000000000000000000000000000000000000000000000000000000000000000000000000000000000000000000000000000000000000000000000000000000000000000000000000000000000000000000000000000000000000100000000000000000000000000000000000000000000000000001000000000000000000000000000000000000000000000000000010000000000000000000001000000000000000000000000000001000000000000000001000000000000000000000000000000000000000000010000000000000000000000000000000000010000000000000000000000000000000000000000000000000000000100000000000000000000000000000000000000
Homo sapiens,CHEMBL4649150,Cc1ccc(C2=NN(c3ccc(C(=O)N4CCOCC4)cc3)C(c3ccc4ccccc4c3)C2)cc1,intermediate,9010.0,5.045275209020937,<rdkit.Chem.rdchem.Mol object at 0x7f9272803740>,00000000000100000000010000000000000000000000000000000000000000000000000000000000000000000000000000000000000000000000000000000000000010000000000000000000000000000000000000000000000000000000000000000000000100000000000000000000000000010101000000000000000000000000000000000000000000000000000000000000000000000000000000000000001000000000000000000000000000000000000000000000000000000010000000000000000000001000000000000000000000000000000000000000000000000000000000000001000000000000000000000000000000000100000000000000000000000001000000000000000000000000000000000000000000000000000000000000000000000000001000000000000000000000000000000000000000000000000000100000100000000000000000000000000000000000000000000000000000000000000000001000000100000000000100000000000000000000000000000000000000000000000000000000000000010000000000000000000000000000000000000000000000000000000000000000000100000000000000000010100000000000000000000000000000100000000100000010000000100000000000000000000000000000000000000001000000000000000000000000000100000000000100000000000000000000000001000000000000000000000000000001100000000000000000000000000000000000000000000000000000000000000000000000100000000000000000000000000000000000000100000000000000000000000000000000000000000000000000000000000000000000000000000001000000000000000000000000000000001000000000000000000000000000000000000000000000000000000000000000000010000100000000000000000001000000000000000000000000000000000001000000000000000000000000000000000000001000000000000000000000001000000100000000000000000000000000000000000000000000000000000000000000000000000000000000000000000000000000000000000000000000000000000000000000000000000000000000000000000000000000000000000000000100000000000000000000000010000000000000000000000000001000000000000000000000000000000000000000000000000000010000000000000000000101000000000000000000000000000001000000000000000001000000000000000000000000000000000000000000010010000000000000000000000000000000010000000000000000000000000000000000000000000000000000000100000000000000000000000000000000000000
Homo sapiens,CHEMBL4645013,Cc1ccc(C2=NN(c3ccc(C(=O)N4CCOCC4)cc3)C(c3ccc4ccccc4c3)C2)cc1C,inactive,17550.0,4.755722879198157,<rdkit.Chem.rdchem.Mol object at 0x7f92728036d0>,00000000000100000000000000000000000000000000000000000000000000000000000000000000000000000000000000000000000000000000000000000000000010000000000000000000000000000000000000000000000000000000000000000000000100000000000000000000000000010100000000000000000000000000000000000000000000000000000000000000000000000000000000000000001000000000000000000000000000000000000000000000000000000010000000000000000000001000000000000000000000000000000000000000000000000000000000000001000000000000000000000000000000000100000100000000000000000001000000000000000000000000000000000000000000000000000000000000000000000000001000000000000000000000000000000000000000000000000000100000100000000000000000000000000000000000000000000000000000000000000000001000000100000000000100000000000000000000000000000000000000000000000000000000000000010000000000000000000010000000000000000000000000000000000000000000000100000000000000000010100000000000000000000000000000100000000100000010000000100000000000000000000000000000000000000001000000000000000000000000000100000000000100000000000000000000000001000000000000000000000000000001100000000000000000000000000000000000000000000000000000000000000000000000100000000000000000000000000000000000000100000000000000000000000000000000000000000000000000000000000000000000000001000001000000000000000000000000000000001000000000000000000000000000000000000000000000000000000000000000000010000100000100000000000001000000000000000000000000001000000001000000000000000000000000000000000000001000000000000000000000001000000100000000000000000000000000000000000000000000000000000000000000000000000000000000000000000000000000000000000000000000000000000000000000000000000000000000000000000000000000000000000100000100000000000000000000000010000000000000000000000000001000000000000000000000000000000000000000000000000000010000000000000000000001000000000000000000000000000001000000000000000001000000000000000000000000000000000000000000010000000000000000000000000000000000010000000000000000000000000000000000000000000000000000000100000000000000000000000000000000000000
Homo sapiens,CHEMBL4641958,CCc1ccc(C2=NN(c3ccc(C(=O)N4CCOCC4)cc3)C(c3ccc4ccccc4c3)C2)cc1,inactive,21860.0,4.660349842386316,<rdkit.Chem.rdchem.Mol object at 0x7f9272803660>,00000000000100000000010000000000000000000000000000000000000000000000000000000000100000000000000000000000000000000000000000000000000010000000000001000000000000000000000000000000000000000000000000000000000100000000000000000000000000010100000000000000000000000000000000000000000000000000000000000010000000000000001000000000001000000000000000000000000000000000000000000000000000000010000000000000000000001000000000000000000000000000000000000000000000000000000000000001000000000000000000000000000000000100000000000000000000000001000000000000000000000000000000000000000000000000000000000000000000000000001000000000000000000000000000000000000000000000000000100000100000000000000000000000000000000000000000000000000000000000000000001000000100000000000100000000000000000000000000000000000000000000000000000000000000010000000000000000000000000000000000000000000000000000000000000000000100000000000000000010100000000000000000000000000000100000000100000010000000100000000000000000000000000000000000000001000000000000000000000000000100000000000100000000000000000000000001000000000000000000000000000001100000000000000000000000000000000000000000000000000000000000000000000000100000000000000000000000000000000000000100000000000000000000000000000000000000000000000000000000000000000000000000000001000000000000000000000000000000001000000000000000000000000000000000000000000000000000000000000000000010000100000000000000000001000000000000000000000000000000000001000000000000000000000000000000000000001000000000000000000000001000000100000000000000000000000000000000000000000000000000000000000000000000000000000000000000000000000000000000000000000000000000000000000000000000000000000000000000000000000000000000000000000100000000000000000000000000000000000000000000000000001000100000000000000000000000000000000000000000000100010000000000000000000001000000000000000000000000000001000000000000000001000000000000000000000000000000000000000000010000000000000000000000000000000000010000000000000000000000000000000000000000000000000000000100000000000000000000000000000000000000
Homo sapiens,CHEMBL4641939,COc1ccc(C2=NN(c3ccc(C(=O)N4CCOCC4)cc3)C(c3ccc4ccccc4c3)C2)cc1,inactive,13950.0,4.855425792390384,<rdkit.Chem.rdchem.Mol object at 0x7f92728035f0>,00000000000100000000010000000000000000000000000000000000000000000000000000000000000000000000000000000000000000000000000000000000000010000000000000000000000000000000000000000000000000000000000000000000000100000000000000000000000000010100000000000000000000000000000000000000000000000000000000000000000000000000000000000000001000000000000000000000000000000000000000000000000000000010000000000000000000001000000000000000000000000000000000000000000000000000000000000001000000000000000000000000000000000100000000000000000000000001000000000000000000000000000000000000000000000000000000000000000000000000001000000000000000000000000000000000000000000000000000100000100000000000000000000000000000000000000100000000000000000000001000001000000100000000000100000000000000000000000000000000000001000000000000000000000000010000000000000000000000010000000001000000000000000000000000000000000100000000000000000010100000000000000000000000000000100000000100000010000000100000000000000000000000000000000000000001000000000000000000000000000100000000000100000000000000000000000001000000000000000000000000000001100000000000000000000000000000000000000000000000000000000000000000000000100000000000000000000000000000000000000100000000000000000000000000000000000000000000000000000000000000000000000000000001000000000000000000000000000000001000000000000000000000000000000000000000000000000000000000000000000010000100000000000000000001000000000000000000000000000000000001000000000000000000000000000000000000001000000000000000000000001000000100000000000000000000000010000000000000000000000000000000000000000000000000000000000000000000000000000000000000000000000000000000000000000000000000000000000000000000000000000000000000000100000000000000000000000000000000000000000000000000001000000000000000000000000000000000000000000000000000010000000000000000000001000000000000000000000000000001000000000000000001000000000000000000000000000000000000000000010000000000000000000000000000000000010000000000000000000000000000000000000000000000000000000100000000000000000000000000000000000000
Homo sapiens,CHEMBL4640305,CCOc1ccc(C2=NN(c3ccc(C(=O)N4CCOCC4)cc3)C(c3ccc4ccccc4c3)C2)cc1,inactive,19910.0,4.70092873997259,<rdkit.Chem.rdchem.Mol object at 0x7f9272803580>,00000000000100000000010000000000000000000000000000000000000000000000010000000000100000000000000000000010000000000000000000000000000010000000000000000000000000000000000000000000000000000000000000000000000100000000000000000000000000010100010000000000000000000000000000000000000000000000000000000010000000000000000000000000001000000000000000000000000000000000000000000000000000000010000000000000000000001000000000000000000000000000000000000000000000000000000000000001000000000000000000000000000000000100000000000000000000000001000000000000000000000000000000000000000000000000000000000000000000000000001000000000000000000000000000000000000000000000000000100000100000000000000000000000000000000000000100000000000000000000001000001000000100000000000100000000000000000000000000000000000000000000000000000000000000010000000000000000000000000000000000000000000000000000000000000000000100000000000000000010100000000000000000000000000000100000000100000010000000100000000000000000000000000000000000000001000000000000000000000000000100000000000100000000000000000000000001000000000000000000000000000001100000000000000000000000000000000000000000000000000000000000000000000000100000000000000000000000000000000000000100000000000000000000000000000000000000100000000000000000000000000000000000000001000000000000000000000000000000001000000000000000000000000000000000000000000000000000000000000000000010000100000000000000000001000000000000000000000000000000000001000000000010000000000000000000000000001000000000000000000000001000000100000000000000000000000000000000000000000000000000000000000000000000000000000000000000000000000000000000000000000000000000000000000000000000000000000000000000000000000000000000000000000100000000000000000000000000000000000000000000000000001000000000000000000000000000000000000000000000000000010000000000000000000001000000000000000000000000000001000000000000000001000000000000000000000000000000000000000000010000000000000000000000000000000000010000000000000000000000000000000000000000000000000000000100000000000000000000000000000000000000
Homo sapiens,CHEMBL4641941,O=C(c1ccc(N2N=C(c3ccc(F)cc3)CC2c2ccc3ccccc3c2)cc1)N1CCOCC1,active,880.0,6.055517327849832,<rdkit.Chem.rdchem.Mol object at 0x7f9272803510>,00000000000100000000010000000000000000000000000000000000000000000000000000000000000000000010000000000000000000000000000000000000000010000000000000000000000000000000000000000000000000000000000000000000000100000000000000000000000000010100000000000000000000000000000000000000000000000000000000000000000000000000000000000000001000000000000000000000000000000000000000000000000000000010000000000000000000001000000000000000000000000000000000000000000000000000000000000001000000000000000000000000000000000100000000000000000000000001000000000000000000000000000000000000000000000000000000000000000000000000001000000000000000000000000000000000000000000000000000100000100000000000000000000000000000000000000000010000000000000000000000001000000100000000000100000000000000000000000000000000000000000000000000000000000000010000000000000000000000000000000000000000000000000000000000000000000100000000000000000010100000000000000000000000000000100000000100000010000000100000000000000000000000000000000000000001000000000000000000000000000100000000000100000000000000000000000000000000000000000000000000000001100000000000000000000000000000000000000000000000000000000000000000000000100000000000000000000000000000000000000100000000000000000000000000000000000000000000000000000000000000000000000000000001000000000000000000000000000000001000000000000000000000000000000000000000000000000000000000000000000010000100000000000000000001000010000000000000000000000000000001000000000000000000000000000000000000001000000000000000000000001000000100000000000000000000000000000000000000000000000000000000000000000000000000000000000000000000000000000000000000000000000000000000000000000000000000000000000000100000000000000000000000000100000000000000000000000000000000000000000000000000001000000000000000000000000000000000000000000000000000010000000000000000000001000000000000000000000000000001000000000000000001000000000000000000000000000000000000000000010000000000100000000000000000000000010000000000000000000000000000000000000000000000000000000100000000000000000000000000000000000000
Homo sapiens,CHEMBL4635945,O=C(c1ccc(N2N=C(c3ccc(Cl)cc3)CC2c2ccc3ccccc3c2)cc1)N1CCOCC1,intermediate,1160.0,5.935542010773082,<rdkit.Chem.rdchem.Mol object at 0x7f9272803f90>,00000000000100000000010000000000000000000000000000000000000000000000000000000000000000000000000000000000000000000000000000000000000010000000000000000000000000000000000000000000000000000000000000000000000100000000000010000000000000010100000000000000000000000000000000000000000000000000000000000000000000000000000000000000001000000000000000000000000000000000000000000000000000000010000000000000000000001000000000000000000000000000000000000000000000000000000000000001000000000000000000000000000000000100000000000000000000000001000000000000000000000000000000000000010000000000000000000000000000000000001000000000000000000000000000000000000000000000000000100000100000000000000000000000000000000000000000000000000000000000000000001000000100000000000100000000000000000000000000000000000000000000000000000000000000010000000010000000000000000000000000000000000000000000000000000000000100000000000000000010100000000000000000000000000000100000000100000010000000100000000000000000000000000000000000000001000000000000000000000000000100000000000100000000000000000000000000000000000000100000000000000001100000000000000000000000000000000000000000000000000000000000000000000000100000000000000000000000000000000000000100000000000000000000000000000000000000000000000000000000000000000000000000000001000000000000000000000000000000001000000000000000000000000000000000000000000000000000000000000000000010000100000000000000000001000000000000000000000000000000000001000000000000000000000000000000000000001000000000000000000000001000000100000000000000000000000000000000000000000000000000000000000000000000000000000000000000000000000000000000000000000000000000000000000000000000000000000000000000000000000000010000000000000100000000000000000000000000000000000000000000000000001000000000000000000000000000000000000000000000000000010000000000000000000001000000000000000000000000000001000000000000000001000000000000000000000000000000000000000000010000000000000000000000000000000000010000000000000000000000000000000000000000000000000000000100000000000000000000000000000000000000
Homo sapiens,CHEMBL4647287,O=C(c1ccc(N2N=C(c3ccc(Cl)c(Cl)c3)CC2c2ccc3ccccc3c2)cc1)N1CCOCC1,intermediate,1930.0,5.714442690992226,<rdkit.Chem.rdchem.Mol object at 0x7f92727cda50>,00000000000100000000000000000000000000000000000000000000000000000000000000000000000000000000000000000000000000000000000000000000000010000000000000000000000000000000000000000000000000000000000000000000000100000000000000000000000000010100000000000000000000000000000000000000000000000000000000000000000000000000000000000000001000000000000000000000000000000000000000000010000000000010000000000000000000001000000000000000000000000000000000000000000000000000000000000001000000000000000000000000000000000100000000000000000000000001000000000000000000000000000000000000010000000000000000000000000000000000001000000000000000000000000000000000000000000000000000100000100000000010000000000000000000000000000000000000000000000000000000001000000100000000000100000000000000000000000000000000000000000000000000000000000000010000000000000000000000000000000000000000000000000000000000000000000100000000000000000010100000000000000000000000000000100000000100000010000000100000000000000000000000000000000000000001000000000000000000000000000100000000000100000000000000000000000000000000000000000000000000000001100000000000000000000000000000000000000000000000000000000000000000000000100000000000000000000000000000000000000100000000000000000000000000000000000000000000000000000000000000000000000000000001000000000000000000000000000000001000000000000000000000000000000000000000000000000000000000000000000010000100000000000000001001000000000000000000000000001000000001000000000000000000000000000000000000001000000000000000000000001000000100000000000000000000000000000000000000000010000000000000000000000000000000000000000000000000000000000000000000000000000000000000000000000000000000000000000000000000000000010000000000000100000000000000000000000000000000000000000000000000001000000000000000000000000000000000000000000000000000010000000000000000000001000000000000000000000000000101000000000000000001000000000000000000000000000000000000000000010000000000000000000000000000000000010000000000000000000000000000000000000000000000000000000100000000000000000000000000000000000000
Homo sapiens,CHEMBL4647225,O=C(c1ccc(N2N=C(c3ccc(Br)cc3)CC2c2ccc3ccccc3c2)cc1)N1CCOCC1,intermediate,2340.0,5.6307841425898575,<rdkit.Chem.rdchem.Mol object at 0x7f9272750430>,00000000000100000000010000000000000000000000000000000000000000000000000000000000000000000000000000000000000000000000000000000000000010000000000000000000000000000000000000000000000000000000000000000000000100000000000000000000000000010100000000000000000000000000000000000000000000000000000000000000000000000000000000000000001000000000000000000000000000000000000000000000000000000010000000000000000000001000000000000000000000000000000000000000000000000000000000000001000000000000000000000000000000000100000000000000000000000001000000000000000000000000000000000000000000000000000000000000000000000000001000000000000000000000000000000000000000000000000000100000100000000000000000000000000000000000000000000000000000000000000000001000100100000000000100000000000000000000000000000000000000000000000000000000000000010000000000000000000000000000000000000000000000000000000000000000000100000000000000000010100000000000010000000000000000100000000100000010000000100000000000000000000000000000000000000001000000000000000000000000000100000000000100000000000000000000000000000000000000000000000000000001100000000000000000000000000000000000000000000000000000000000000000000100100000000000000000000000000000000000000100000000000000000000000000000000000000000000000000000000000000000000000000000001000000000000000000000000000000001000000000000000000000000000000000000000000000000000000000000000000010000100000000000000000001000000000000000000000000000000000001000000000000000000000000000000000000001000000000000000000000001000000100000000000000000000000000000000000000000000000000000000000000000000000000000000000000000000000000000000000000000000000100000000000000000100000000000000000000000000000000000000000000000100000000000000000000000000000000000000000000000000001000000000000000000000000000000000000000000000000000010000000000000000000001000000000000000000000000000001000000000000000001000000000000000000000000000000000000000000010000000000000000000000000000000000010000000000000000000000000000000000000000000000000000000100000000000000000000000000000000000000
Homo sapiens,CHEMBL4632800,Cc1cccc(C2=NN(c3ccc(C(=O)N4CCOCC4)cc3)C(c3ccc4ccccc4c3)C2)c1,intermediate,4350.0,5.361510743045363,<rdkit.Chem.rdchem.Mol object at 0x7f92727503c0>,00000000000100000000000000000000000000000000000000000000000000000000000000000000000000000000000000000000000000000000000000000000000010000000000000000000000000000000000000000000000000000000000000000000000100000000000000000000000000010100100000000000000000000000000000000000000000000000000000000000000000000000000000000000001000000000000000000000000000000000000000000000000000000010000000000000000000001000000000000000000000000000000000000000000000000000000000000001000000000000000000000000000000000100000000000000000000000001000000000000000000000000000000000000000000000000000000000000000000000000001000000000000000000000000000000000000000000000000000100000100000000000000000000000000000000000000000000000000000000000000000001000000100001000000100000000000000000000000000000000000000000000000000000000000000010000000000000000000000000000000000000000000000000000000000000000000100000000000000000010000000000000000000000000000000100000000100000010000000100000000000000000000000000000000000000001000000000000000000000100000100000000000100000001000000000000000101000000000000000000000000000001100000000000000000000000000000000000000000000000000000000000000000000000100000000000000000000000000000000000000100000000000000000000000000000000000000000000000000000000000000000000000000000001000000000000000000000000000000001000000000000000000000000000000000000000000000000000000000000000000010000100000000000000000001000000000000000000000000001000000001000000000000000000000000000000000000001000000000000000000000001000000100000000000000000000000000000000000000000000000000000000000000000000000000000000000000000000000000000000000000000000000000000000000000000000000000000000000000000000000000000000000000000100000000000000000000000010000000000000000000000000001000000000000000000000000000000000000000000000000000010000000000000000000101000000000000000000000000000001000000000000000001000000000000000000000000000000000000000000010000000000000000000000000000000000010000000000000000000000000000000000000000000000000000000100000000000000000000000000000000000000
Homo sapiens,CHEMBL4646958,O=C(c1ccc(N2N=C(c3cccc(Cl)c3)CC2c2ccc3ccccc3c2)cc1)N1CCOCC1,intermediate,4880.0,5.311580177997289,<rdkit.Chem.rdchem.Mol object at 0x7f9272750350>,00000000000100000000000000000000000000000000000000000000000000000000000000000000000000000000000000000000000000000000000000000000000010000000000000000000000000000000010000000000000000000000000000000000000100000000000010000000000000010100000000000000000000000000000000000000000000000000000000000000000000000000000000000000001000000000000000000000000000000000000000000000000000000010000000000000000000001000000000000000000000000000000000000000000000000000000000000001000000000000000000000000000000000100000000000000000000000001000000000000000000000000000000000000010000000000000000000000000000001000001000000000000000000000000000000000000000000000000000100000100000000000000000000000000000000000000000000000000000000000000000001000000100001000000100000000000000000000000000000000000000000000000000000000000000010000000000000000000000000000000000000000000000000000000000000000000100000000000000000010000000000000000000000000000000100000000100000010000000100000000000000000000000000000000000000001000000000000000000000000000100000000000100000001000000000000000000000000000000000000000000000001100000000000000000000000000000000000000000000000000000000000000000000000100000000000000000000000000000000000000100000000000000000000000000000000000000000000000000000000000000000000000000000001000000000000000000000000000000001000000000000000000000000000000000000000000000000000000000000000000010000100000000000000000001000000000000000000000000001000000001010000000000000000000000000000000000001000000000000000000000001000000100000000000000000000000000000000000000000000000000000000000000000000000000000000000000000000000000000000000000000000000000000000000000000000000000000000000000000000000000010000000000000100000000000000000000000000000000000000000000000000001000000000000000000000000000000000000000000000000000010000000000000000000001000000000000000000000000000001000000000000000001000000000000000000000000000000000000000000010000000000000000000000000000000000010000000000000000000000000000000000000000000000000000000100000000000000000000000000000000000000
Homo sapiens,CHEMBL4633176,O=C(c1ccc(N2N=C(c3cccc(Br)c3)CC2c2ccc3ccccc3c2)cc1)N1CCOCC1,intermediate,7800.0,5.107905397309519,<rdkit.Chem.rdchem.Mol object at 0x7f92727502e0>,00000000000100000000000000000000000000000000000000000000000000000000000000000000000000000000000000000000000000000000000000000000000010000000000000000000000000000000000000000000000000000000000000000000000100000000000000000000000000010100000000000000000000000000000000000000000000000000000000000000000000000000000000000000001000000000000000000000000000000000000000000000000000000010000000000000000000001000000000000000000000000000000000000000000000000000000000000001000000000000000000000100000000000100000000000000000000000001000000000000000000000000000000000000000000000000000000000000000000000000001000000000000000000000000000000000000000000000000000100000100000000000000000000000000000000000000000000000000000000000000000001000100100001000000100000000000000000000001000000000000000000000000000000000000000010000000000000000000000000000000000000000000000000000000000000000000100000000000000000010000000000000010000000000000000100000000100000010000000100000000000000000000000000000000000000001000000000000000000000000000100000000000100000001000000000000000000000000000000000000000000000001100000000000000000000000000000000000000000000000000000000000000000000000100000000000000000000000000000000000000100000000000000000000000000000000000000000000000000000000000000000000000000000001000000000010000000000000000000001000000000000000000000000000000000000000000000000000000000000000000010000100000000000000000001000000000000000000000000001000000001000000000000000000000000000000000000001000000000000000000000001000000100000000000000000000000000000000000000000000000000000000000000000000000000000000000000000000000000000000000000000000000100000000000000000000000000000000000000000000000000000000000000000100000000000000000000000000000000000000000000000000001000000000000000000000000000000000000000000000000000010000000000000000000001000000000000000000000000000001000000000000000001000000000000000000000000000000000000000000010000000000000000000000000000000000010000000000000000000000000000000000000000000000000000000100000000000000000000000000000000000000
Homo sapiens,CHEMBL4646420,O=C(c1ccc(N2N=C(c3ccccc3Cl)CC2c2ccc3ccccc3c2)cc1)N1CCOCC1,inactive,15580.0,4.807432546663454,<rdkit.Chem.rdchem.Mol object at 0x7f9272750270>,00000000000100000000000000000000000000000000000000000000000000000000000000000000000000000000000000000000000000000000000000000000000010000000000000000000000000000000000000000000000000000000000000000000000100000000000000000000000000010100000000000000000000000000000000000000000000000000000000000000000000000000000000000000001000000000000000000000000000001000000000000010000000000010000000000000000000001000000000000000000000000000000000000000000000000000000000000001000000000000000000000000000000000100000000000000000000000001000000000000000000000000000000000000010000000000000000000000000000000000001000000000000000000000000000000000000000000000000000100000100000000000000000000000000000000000000000000000000000000000000000001000000100000000000100000000000000000000000000000000000000000000000000000000000000010000000000000000000000000000000000000000000000000000000000000000000100000000000000000010000000000000000000000000000000100000000100000010000000100000000000000000000000100000000010000001000000000000000000000000000100000000000000000000000000000000000000000000000000000000000000000001100000000000000000000000000000000000000000000000000000000000000000000000000000000000000000000000000000000000000100000000000000000000000000000000000000000000000000000000010000000000000000000001000000000000000000000000000000001000000000000000000000000000000000000000000010000000000000000000000010000100000000010000000001000000000000000000000000000000000001000000000000000000000000000000000000001000000000000000000000001000000100000000000000000000000000000000000000000000000000000000000000000000000000000000000000000000000000000000000000000000000000000000000000000000000000000000000000000000000000010000000000000100000000000000000000000000000000000000000000000000001000000000000000000000000000000000000000000000000000010000000000000000000001000000000000000000000000000001000000000000000001000000000000000000000000000000000000000000010000000000000000000000000000000000010000000000000000000000000000000000000000000000000000000100000000000000000000000000000000000000
Homo sapiens,CHEMBL4594271,N#Cc1cccc(C(NCC2CC2)c2ccc(F)c(NC(=O)c3cc(C(F)(F)F)nn3-c3cccc(CN)c3)c2)c1,inactive,30000.0,4.522878745280337,<rdkit.Chem.rdchem.Mol object at 0x7f9272750200>,01000000000000000000000000000100000000000000000000000000000000000000000000000000100000000000000000000010000000000110000000000000000000000000000000000000000001000000000000000000000000000000000000000000000000000000000010000000000000000000001000000000000000000000000000000100000001000000000000000000000000000100000000000001000000000000000000000000000000000000000000000000100000000010000000000000000000000000000010000000000000000000000000000000000000000000000000000000000000000000000000010010100000000000000000000000000000000000000000000000000000000000000000000000000000000000000000000000000000000000000000000000000000000000000000000000000000000000000000100000000000000000000000100000000000000000000000010000000000000000000000000000000000000000000000000000000000000000000000000000000000100000001000000000000000010100000000000000000000000000000000000000000000000010000000000000000100000000000000000000000000000000000000000000000000100000000100000000000100000000000000000000000000000000010000000000000000000000000000000000000100000000000000000001000000000100000000000000001000000000000000000000100000000000000000000000000000000000000000000000100000000000000010000000000000000001000000000000000000001000000000000000000100000000000010000000000000000000000000000000000000000000000000000000000000000001000000000000000000000000000000000100000000000000000000000000000000000000010000000000000010001000000000000000000000000000000000000000000000000010000000001000000001000000000000000000000000000000000000000000000000000000000000000000000000010000000000000000000000000000000000000000000000000000010000000000000000000000100000000000000000000000000000000000000000000000000000000000000000010000000100000000000000000000000000000000000000010000000000000010000000000000101000100000000000000000000000000000000000000000000000000000000000001000000001000000000000001000000000001100000000000000000001000000000000000000100000000100000000000000010000000000100000000000000000000100000010000000000000000001000000000000000000000000000000000000000000000000000000000000000000000000
Homo sapiens,CHEMBL5274458,CCC(C)[C@H](NC(=O)[C@H](C)NC(=O)[C@H](CC(C)C)NC(=O)[C@H](CCC(N)=O)NC(=O)[C@H](CCC(=O)O)NC(=O)CNC(=O)CN)C(=O)O,inactive,134600.0,3.8709549401120418,<rdkit.Chem.rdchem.Mol object at 0x7f9272750190>,01000000000000000000000000010000000000000100000000000000000000000000000000000000100000000000000000000010000000000000010000000000000000000000100000000000000000000000000000000000000000000000000000000100000000000000000000000000000000000000000000000000000000000000000000000000000000000001000000000010000000000000000000000000000000000000000000000000000000000000000000000000000000000000000000000100000000000000000000000000000000000000000000000000000000000000000000000000000000000000000000000000000000000000000000000000000000000000000000000000000000000100000000000000000000000000010000000000000000000000000000000000000000000000000000000000000000000000000000100000000000000000000000000000100000000000000000000000000000000000000000000010000000001001000000000000000000010000000000000000000000000000000000000000000000010000000000000000000000000000000000000000010000000000000000000000000100000000000000000000000000000000000000000000000000000000000000000000000000000001000000000000000000000000010000000100000000000000000000000000000000000000000000000000000000000000000001000000000000000000000000000000000000000000000000010010000000100000000000000000000000000000000010000000000000000001000000000000000000000000000000000000000000000000000000000000000000000000000000000000000000000000100000000000000000010000000000000000000000000000000000000000010000000000000100000000000000000000000000000000000000000000000000000000000000000000000000000000000000000000000010000000000000000000000000000000000000000010000000000000000000000000000000000000000000000010000000000000100000000000000000001000000000000000000000000000000000000000000000000000001000010000000000000000000000000000000000000000000000000000000000000000000100000000000000000000000100010000000000000000010000000000000010000000000000000000000000000000010000000000000000000000000000000000000100000100000000000000100100000000000000000000000000000000000000000000000000100000000000000000010000000000000000000000000000000000000000010000000000000000000000000000000000000000000000000000000010000000000000000000000000000000
Homo sapiens,CHEMBL5289275,CC(=O)N[C@@H](C)C(=O)NCC(=O)N[C@@H](CCC(=O)O)C(=O)N[C@@H](C)C(=O)N[C@@H](CC(C)C)C(=O)N[C@@H](C)C(=O)N[C@@H](CC(=O)O)C(=O)O,intermediate,7970.0,5.098541678603888,<rdkit.Chem.rdchem.Mol object at 0x7f9272750120>,01000000000000000000000000000000000000000100000000000000001000000000000000000000100000000000000000000000000000000000010000000000000000000000000000000000000000000000000000000000000000000000000000000100000000000000000000000000000000000000000000000100000000000000000000000000000000000001000000000000000000000000000000000000000000000000000000000000000000000000000000000000000000000000000000000100000000000000000000000000000000000000000000000000000000000000000000000000000000000000000000000000000000000000000000000000000000000000000000000000000000000000000000000000000000000000010000000000000000000000000000000000000000000000000000000000000000000000000000100000000000000000000000000000100010000000000000000000000000000000000000000010000000001001000000000000000000010000000000000000000000000000000000000000000000010000000000000000000000000000000000000000010000000000000000000000000100000000000000000000000000000000000000000000000000000000000000000000000000000001000000000000000000000000000000000100000000000000000000000000010000000000000000000000000000000000000001000000000000000000000000000000000000000000000000000010000000000000000000000000000001000000000010000000000000000000000000000000000000000000000000000000000000000000000000000000000000000000000000000000000000000000000000000000000000010010000000000000000000000000000000000000000000000000000000000000000000000000000000000000000000000000000000000000000000000000000000000000000000000000000010000000000000000000000000000000000000000010000000000000000000000000000000000000000000000000000000000000000000000000000001001000000000010000000000000000000000000000000000000000001000011000000000000000000000000000000000000000000000000000000000000000000100000000000000000000000100000000000000000000010000000000000000000000000000000000000000000000000000000000000000000000000000000000000000000100000000000000100100000000000000001000000000000000000000000000000000000000000000000000010000000000000000000000000000000000000000010000000000000000000000000000000000000000000000000000000010001000000000000000000000000000
Homo sapiens,CHEMBL5289169,CC(=O)NCC(=O)NCC(=O)N[C@@H](CCC(=O)O)C(=O)N[C@@H](C)C(=O)N[C@@H](CC(C)C)C(=O)N[C@@H](C)C(=O)N[C@@H](Cc1c[nH]c2ccccc12)C(=O)O,inactive,10120.0,4.99481948749622,<rdkit.Chem.rdchem.Mol object at 0x7f92727500b0>,01000000000000000000000000000000000000000100000000000000000000000000000000000001100000000000000000000000000000000000010100000000000000000000000000000000000000000000000000000000000000000000000000000100000000000000000000000000000000000000000000000100000000000000000000000000000000000001000000000000000000000000000000000000000000001000000000000000000000000000000000001000000000000000000000000100000000000000000000000000000000000000000000000000000000000001000000000000000000000000000000000000000000000000000000000000000000000000000000000000000000000000000000000000000000000000010000000000000000000000000000000000000000000000000000000000000000000000000010100000000000000000000000000000100000000000000000000000000000000000000000000010000100001001000000000000000000010000000000000000000000000000000000000000000000110000000000000000000000000000000000000000010100000000000000000000000100000000000000000000000000000000000000000000000000000000000000000000000000000001000000000000000000000000000000000100000000000000000000000000010000000000000000000000000000000000000001000000000000000000000000000000100000000000000000010010001000000000000000000000000000000000000010000000000000000000000000000000000000000000000100000000000000000000000000000000000000000000000000000000000000000000000000000000000000010000000000000000000000000000000000000000000000000000000000000100000001000000000000000000000010000000000000000000000000000000000000000010000000000000000010000000000000000000000000000000000000000010000000000000000000000000000000000000000000000000000000000000000000000000000000001000000001000000000000000000000000000000000100000000001000011000000000000000000000000000000000000000000000000000000000000000000100000000000000000000000100000000000000000000010000000000001000000000000000000000000000000001000000000000000000000000000000000000000000000100000000000000100100000000000000000000000001000001000000000000000000000000000000000000010000000000000000000100000000000000000000010000000000100000000000000000000000000000000000000000000010000000000000000000000000000000
Homo sapiens,CHEMBL5282293,CC(=O)NCC(=O)NCC(=O)N[C@@H](CCC(=O)O)C(=O)N[C@@H](C)C(=O)N[C@@H](CC(C)C)C(=O)N[C@@H](C)C(=O)N[C@@H](CC(=O)O)C(=O)O,inactive,12160.0,4.915066425063284,<rdkit.Chem.rdchem.Mol object at 0x7f9272750040>,01000000000000000000000000000000000000000100000000000000001000000000000000000000100000000000000000000000000000000000010000000000000000000000000000000000000000000000000000000000000000000000000000000100000000000000000000000000000000000000000000000100000000000000000000000000000000000001000000000000000000000000000000000000000000000000000000000000000000000000000000000000000000000000000000000100000000000000000000000000000000000000000000000000000000000001000000000000000000000000000000000000000000000000000000000000000000000000000000000000000000000000000000000000000000000000010000000000000000000000000000000000000000000000000000000000000000000000000000100000000000000000000000000000100000000000000000000000000000000000000000000010000100001001000000000000000000010000000000000000000000000000000000000000000000010000000000000000000000000000000000000000010000000000000000000000000100000000000000000000000000000000000000000000000000000000000000000000000000000001000000000000000000000000000000000100000000000000000000000000010000000000000000000000000000000000000001000000000000000000000000000000000000000000000000010010000000000000000000000000000001000000000010000000000000000000000000000000000000000000000000000000000000000000000000000000000000000000000000000000000000000000000000000000000000010010000000000000000000000000000000000000000000000000000000000000000000000000000000000000000000000000000000000000000000000000000000000010000000000000000010000000000000000000000000000000000000000010000000000000000000000000000000000000000000000000000000000000000000000000000000001000000000000000000000000000000000000000000000000000001000011000000000000000000000000000000000000000000000000000000000000000000100000000000000000000000100000000000000000000010000000000000000000000000000000000000000000000000000000000000000000000000000000000000000000100000000000000100100000000000000000000000000000000000000000000000000000000000000000000010000000000000000000000000000000000000000010000000000000000000000000000000000000000000000000000000010001000000000000000000000000000
Homo sapiens,CHEMBL5280732,CC(C)C[C@H](NC(=O)[C@H](C)NC(=O)[C@H](CCC(=O)O)NC(=O)CNC(=O)[C@H](C)NC(=O)OCc1ccccc1)C(=O)N[C@@H](Cc1ccc(O)cc1)C(=O)N[C@@H](CCC(=O)O)C(=O)O,intermediate,1090.0,5.962573502059376,<rdkit.Chem.rdchem.Mol object at 0x7f92727509e0>,01000000000000000000000000000000000000000100000000000000000000000000000000000001100000000000000000000000000000000000010000000000000000000000000000010000000000000000000000000000000000000000000000000100000000000000000000000000000000000000000000000000000000000000000000000000000000000001000000000000000000000000001000000000000000000000000000000001000000000000000000000000000000000000000000000100000000000000000000000000000000000000000000000000000000000000000000000000000000000000000000000000000000000000000000000000000000000000000000000000000000000000000000000000000000000000010000000000000000000000000000000000000000000000000000000000000000000000000000100000000000000000000000000000100010000000000100100000000000000000000000000010000000001001000001000000000000010000000000000000000000000000000000000000000000010000000000000000000000000000000000000000010000000100000000000000000100000000000000000000000000000100000000000000000000000000000000000000000000000001000000000000000000000000000000000100000000000000000000000000000000000000000000000000000000000000000001000000001000000000000000000000100000000000000000000010000000000000000000000000000000000000000010000000000000000000000000000000000000000000000100000000000000000000000000000000000000000000000000000000000000100000000000000000000000010000000000000000000000000100000000000000000000000000000000000000000000000000000000000000000010000000000000000000000000000000000000000000000000000000000010000000000000000000000000000000000000000010000000000000000000000000000000000000000000000000000000000000000000000000000000001000000000010000000000000000000000000010000000000000101000011000000000000000000000000000000000000000000000000000000000000000000100000000000000000000000100000000000000000000010000000000001000100010000000000000000000100000000000000000000000000000000000000000000000000100000000000000100100000000000000000000000001000000000000000000000000000000000000000010010000000000000000000000000000000000000000010000000000000000000000000000000000000000000000100000000010000000000000000000000000100000
Homo sapiens,CHEMBL5288446,C[C@H](NC(=O)OCc1ccccc1)C(=O)NCC(=O)N[C@@H](CCC(=O)O)C(=O)N[C@@H](C)C(=O)N[C@@H](CC1CCCC1)C(=O)N[C@@H](Cc1ccc(O)cc1)C(=O)N[C@@H](CCC(=O)O)C(=O)O,active,570.0,6.2441251443275085,<rdkit.Chem.rdchem.Mol object at 0x7f9272750a50>,01000000000000000000000000000100000000000100000000000000000000000000010000000001100000000000000000000000000000000000010000000000000000000000000000010000000000000000000000000000000000000000000000000100000000000000000000000000000000000000000000000000000000000000000000000000000000000001000000000000000000000000001000000000000000000000000000000001000000000000000000000000000000000000000000000100000000000000000000000000000000000000000000000000000000000000000000000000000000000000000000001000000000000000000000000000000000000000000000000000000000000000000000000000000000000000010000000000000000000000000000000000000000000000000000000000000000000000000000100000000000000000000000000000000010000000000100100000000000000000000000000000000000001001000001000000000000000000000000000000000000000000000000000000000000010000000000000000000000000000000000000000010000000100000000000000000100000000000000100000000000000100000000000000000000100000000000000000000000000011000000000000000000000000000000000100000000000000000000000000000100000000100000000000000000000000000001000000001000000000000000000000100000000000000000000010000000000000000000000000000000000000000010000000000000000000000000000000000000000000000100000000000000000000000000000000000000000000000000000000000000100000000000000000000000010000000000000000000000000100000000000100000000000000000000000000000000000000000000000000000010000000000000000000000000000000000000000000000000000000000010000000000000000000000000000000000000000000000000000000000000000000000000000000000000000000000000000000000000000000000000001000000000010000000000000000000000000010000000000000101000011000000000000000000000000000000000000000000000000000000000000000000100000000000000000000000100100000000000000000010000000000001000100010000000000000000000100000000000000000000000000000000000000000000000000100000000000000100000000000000000000000000001000000000000000000000000000000000000000010010000000000000000000000000000000000000000010000000000000000000000000000000000000000000000100000000010000000000000000000000000100000
